https://huggingface.co/datasets/bowen-upenn/PersonaMem-v2/resolve/main/data/chat_history_32k/chat_history_250913_163134_persona521.json	chat_history_250913_163134_persona521.json
https://huggingface.co/datasets/bowen-upenn/PersonaMem-v2/resolve/main/data/chat_history_32k/chat_history_250913_163134_persona660.json	chat_history_250913_163134_persona660.json
https://huggingface.co/datasets/bowen-upenn/PersonaMem-v2/resolve/main/data/chat_history_32k/chat_history_250913_163134_persona411.json	chat_history_250913_163134_persona411.json
https://huggingface.co/datasets/bowen-upenn/PersonaMem-v2/resolve/main/data/chat_history_32k/chat_history_250913_163134_persona859.json	chat_history_250913_163134_persona859.json
https://huggingface.co/datasets/bowen-upenn/PersonaMem-v2/resolve/main/data/chat_history_32k/chat_history_250913_163134_persona136.json	chat_history_250913_163134_persona136.json
https://huggingface.co/datasets/bowen-upenn/PersonaMem-v2/resolve/main/data/chat_history_32k/chat_history_250913_163134_persona811.json	chat_history_250913_163134_persona811.json
https://huggingface.co/datasets/bowen-upenn/PersonaMem-v2/resolve/main/data/chat_history_32k/chat_history_250913_163134_persona76.json	chat_history_250913_163134_persona76.json
https://huggingface.co/datasets/bowen-upenn/PersonaMem-v2/resolve/main/data/chat_history_32k/chat_history_250913_163134_persona636.json	chat_history_250913_163134_persona636.json
https://huggingface.co/datasets/bowen-upenn/PersonaMem-v2/resolve/main/data/chat_history_32k/chat_history_250913_163134_persona899.json	chat_history_250913_163134_persona899.json
https://huggingface.co/datasets/bowen-upenn/PersonaMem-v2/resolve/main/data/chat_history_32k/chat_history_250913_163134_persona883.json	chat_history_250913_163134_persona883.json
https://huggingface.co/datasets/bowen-upenn/PersonaMem-v2/resolve/main/data/chat_history_32k/chat_history_250913_163134_persona319.json	chat_history_250913_163134_persona319.json
https://huggingface.co/datasets/bowen-upenn/PersonaMem-v2/resolve/main/data/chat_history_32k/chat_history_250913_163134_persona549.json	chat_history_250913_163134_persona549.json
https://huggingface.co/datasets/bowen-upenn/PersonaMem-v2/resolve/main/data/chat_history_32k/chat_history_250913_163134_persona371.json	chat_history_250913_163134_persona371.json
https://huggingface.co/datasets/bowen-upenn/PersonaMem-v2/resolve/main/data/chat_history_32k/chat_history_250913_163134_persona527.json	chat_history_250913_163134_persona527.json
https://huggingface.co/datasets/bowen-upenn/PersonaMem-v2/resolve/main/data/chat_history_32k/chat_history_250913_163134_persona210.json	chat_history_250913_163134_persona210.json
https://huggingface.co/datasets/bowen-upenn/PersonaMem-v2/resolve/main/data/chat_history_32k/chat_history_250913_163134_persona235.json	chat_history_250913_163134_persona235.json
https://huggingface.co/datasets/bowen-upenn/PersonaMem-v2/resolve/main/data/chat_history_32k/chat_history_250913_163134_persona101.json	chat_history_250913_163134_persona101.json
https://huggingface.co/datasets/bowen-upenn/PersonaMem-v2/resolve/main/data/chat_history_32k/chat_history_250913_163134_persona902.json	chat_history_250913_163134_persona902.json
https://huggingface.co/datasets/bowen-upenn/PersonaMem-v2/resolve/main/data/chat_history_32k/chat_history_250913_163134_persona947.json	chat_history_250913_163134_persona947.json
https://huggingface.co/datasets/bowen-upenn/PersonaMem-v2/resolve/main/data/chat_history_32k/chat_history_250913_163134_persona499.json	chat_history_250913_163134_persona499.json
https://huggingface.co/datasets/bowen-upenn/PersonaMem-v2/resolve/main/data/chat_history_32k/chat_history_250913_163134_persona198.json	chat_history_250913_163134_persona198.json
https://huggingface.co/datasets/bowen-upenn/PersonaMem-v2/resolve/main/data/chat_history_32k/chat_history_250913_163134_persona687.json	chat_history_250913_163134_persona687.json
https://huggingface.co/datasets/bowen-upenn/PersonaMem-v2/resolve/main/data/chat_history_32k/chat_history_250913_163134_persona584.json	chat_history_250913_163134_persona584.json
https://huggingface.co/datasets/bowen-upenn/PersonaMem-v2/resolve/main/data/chat_history_32k/chat_history_250913_163134_persona96.json	chat_history_250913_163134_persona96.json
https://huggingface.co/datasets/bowen-upenn/PersonaMem-v2/resolve/main/data/chat_history_32k/chat_history_250913_163134_persona974.json	chat_history_250913_163134_persona974.json
https://huggingface.co/datasets/bowen-upenn/PersonaMem-v2/resolve/main/data/chat_history_32k/chat_history_250913_163134_persona277.json	chat_history_250913_163134_persona277.json
https://huggingface.co/datasets/bowen-upenn/PersonaMem-v2/resolve/main/data/chat_history_32k/chat_history_250913_163134_persona601.json	chat_history_250913_163134_persona601.json
https://huggingface.co/datasets/bowen-upenn/PersonaMem-v2/resolve/main/data/chat_history_32k/chat_history_250913_163134_persona439.json	chat_history_250913_163134_persona439.json
https://huggingface.co/datasets/bowen-upenn/PersonaMem-v2/resolve/main/data/chat_history_32k/chat_history_250913_163134_persona879.json	chat_history_250913_163134_persona879.json
https://huggingface.co/datasets/bowen-upenn/PersonaMem-v2/resolve/main/data/chat_history_32k/chat_history_250913_163134_persona261.json	chat_history_250913_163134_persona261.json
https://huggingface.co/datasets/bowen-upenn/PersonaMem-v2/resolve/main/data/chat_history_32k/chat_history_250913_163134_persona578.json	chat_history_250913_163134_persona578.json
https://huggingface.co/datasets/bowen-upenn/PersonaMem-v2/resolve/main/data/chat_history_32k/chat_history_250913_163134_persona23.json	chat_history_250913_163134_persona23.json
https://huggingface.co/datasets/bowen-upenn/PersonaMem-v2/resolve/main/data/chat_history_32k/chat_history_250913_163134_persona10.json	chat_history_250913_163134_persona10.json
https://huggingface.co/datasets/bowen-upenn/PersonaMem-v2/resolve/main/data/chat_history_32k/chat_history_250913_163134_persona542.json	chat_history_250913_163134_persona542.json
https://huggingface.co/datasets/bowen-upenn/PersonaMem-v2/resolve/main/data/chat_history_32k/chat_history_250913_163134_persona209.json	chat_history_250913_163134_persona209.json
https://huggingface.co/datasets/bowen-upenn/PersonaMem-v2/resolve/main/data/chat_history_32k/chat_history_250913_163134_persona692.json	chat_history_250913_163134_persona692.json
https://huggingface.co/datasets/bowen-upenn/PersonaMem-v2/resolve/main/data/chat_history_32k/chat_history_250913_163134_persona70.json	chat_history_250913_163134_persona70.json
https://huggingface.co/datasets/bowen-upenn/PersonaMem-v2/resolve/main/data/chat_history_32k/chat_history_250913_163134_persona543.json	chat_history_250913_163134_persona543.json
https://huggingface.co/datasets/bowen-upenn/PersonaMem-v2/resolve/main/data/chat_history_32k/chat_history_250913_163134_persona590.json	chat_history_250913_163134_persona590.json
https://huggingface.co/datasets/bowen-upenn/PersonaMem-v2/resolve/main/data/chat_history_32k/chat_history_250913_163134_persona741.json	chat_history_250913_163134_persona741.json
https://huggingface.co/datasets/bowen-upenn/PersonaMem-v2/resolve/main/data/chat_history_32k/chat_history_250913_163134_persona652.json	chat_history_250913_163134_persona652.json
https://huggingface.co/datasets/bowen-upenn/PersonaMem-v2/resolve/main/data/chat_history_32k/chat_history_250913_163134_persona66.json	chat_history_250913_163134_persona66.json
https://huggingface.co/datasets/bowen-upenn/PersonaMem-v2/resolve/main/data/chat_history_32k/chat_history_250913_163134_persona67.json	chat_history_250913_163134_persona67.json
https://huggingface.co/datasets/bowen-upenn/PersonaMem-v2/resolve/main/data/chat_history_32k/chat_history_250913_163134_persona548.json	chat_history_250913_163134_persona548.json
https://huggingface.co/datasets/bowen-upenn/PersonaMem-v2/resolve/main/data/chat_history_32k/chat_history_250913_163134_persona998.json	chat_history_250913_163134_persona998.json
https://huggingface.co/datasets/bowen-upenn/PersonaMem-v2/resolve/main/data/chat_history_32k/chat_history_250913_163134_persona714.json	chat_history_250913_163134_persona714.json
https://huggingface.co/datasets/bowen-upenn/PersonaMem-v2/resolve/main/data/chat_history_32k/chat_history_250913_163134_persona753.json	chat_history_250913_163134_persona753.json
https://huggingface.co/datasets/bowen-upenn/PersonaMem-v2/resolve/main/data/chat_history_32k/chat_history_250913_163134_persona382.json	chat_history_250913_163134_persona382.json
https://huggingface.co/datasets/bowen-upenn/PersonaMem-v2/resolve/main/data/chat_history_32k/chat_history_250913_163134_persona451.json	chat_history_250913_163134_persona451.json
https://huggingface.co/datasets/bowen-upenn/PersonaMem-v2/resolve/main/data/chat_history_32k/chat_history_250913_163134_persona522.json	chat_history_250913_163134_persona522.json
https://huggingface.co/datasets/bowen-upenn/PersonaMem-v2/resolve/main/data/chat_history_32k/chat_history_250913_163134_persona218.json	chat_history_250913_163134_persona218.json
https://huggingface.co/datasets/bowen-upenn/PersonaMem-v2/resolve/main/data/chat_history_32k/chat_history_250913_163134_persona764.json	chat_history_250913_163134_persona764.json
https://huggingface.co/datasets/bowen-upenn/PersonaMem-v2/resolve/main/data/chat_history_32k/chat_history_250913_163134_persona88.json	chat_history_250913_163134_persona88.json
https://huggingface.co/datasets/bowen-upenn/PersonaMem-v2/resolve/main/data/chat_history_32k/chat_history_250913_163134_persona63.json	chat_history_250913_163134_persona63.json
https://huggingface.co/datasets/bowen-upenn/PersonaMem-v2/resolve/main/data/chat_history_32k/chat_history_250913_163134_persona256.json	chat_history_250913_163134_persona256.json
https://huggingface.co/datasets/bowen-upenn/PersonaMem-v2/resolve/main/data/chat_history_32k/chat_history_250913_163134_persona644.json	chat_history_250913_163134_persona644.json
https://huggingface.co/datasets/bowen-upenn/PersonaMem-v2/resolve/main/data/chat_history_32k/chat_history_250913_163134_persona959.json	chat_history_250913_163134_persona959.json
https://huggingface.co/datasets/bowen-upenn/PersonaMem-v2/resolve/main/data/chat_history_32k/chat_history_250913_163134_persona528.json	chat_history_250913_163134_persona528.json
https://huggingface.co/datasets/bowen-upenn/PersonaMem-v2/resolve/main/data/chat_history_32k/chat_history_250913_163134_persona823.json	chat_history_250913_163134_persona823.json
https://huggingface.co/datasets/bowen-upenn/PersonaMem-v2/resolve/main/data/chat_history_32k/chat_history_250913_163134_persona534.json	chat_history_250913_163134_persona534.json
https://huggingface.co/datasets/bowen-upenn/PersonaMem-v2/resolve/main/data/chat_history_32k/chat_history_250913_163134_persona892.json	chat_history_250913_163134_persona892.json
https://huggingface.co/datasets/bowen-upenn/PersonaMem-v2/resolve/main/data/chat_history_32k/chat_history_250913_163134_persona237.json	chat_history_250913_163134_persona237.json
https://huggingface.co/datasets/bowen-upenn/PersonaMem-v2/resolve/main/data/chat_history_32k/chat_history_250913_163134_persona583.json	chat_history_250913_163134_persona583.json
https://huggingface.co/datasets/bowen-upenn/PersonaMem-v2/resolve/main/data/chat_history_32k/chat_history_250913_163134_persona800.json	chat_history_250913_163134_persona800.json
https://huggingface.co/datasets/bowen-upenn/PersonaMem-v2/resolve/main/data/chat_history_32k/chat_history_250913_163134_persona599.json	chat_history_250913_163134_persona599.json
https://huggingface.co/datasets/bowen-upenn/PersonaMem-v2/resolve/main/data/chat_history_32k/chat_history_250913_163134_persona849.json	chat_history_250913_163134_persona849.json
https://huggingface.co/datasets/bowen-upenn/PersonaMem-v2/resolve/main/data/chat_history_32k/chat_history_250913_163134_persona55.json	chat_history_250913_163134_persona55.json
https://huggingface.co/datasets/bowen-upenn/PersonaMem-v2/resolve/main/data/chat_history_32k/chat_history_250913_163134_persona120.json	chat_history_250913_163134_persona120.json
https://huggingface.co/datasets/bowen-upenn/PersonaMem-v2/resolve/main/data/chat_history_32k/chat_history_250913_163134_persona25.json	chat_history_250913_163134_persona25.json
https://huggingface.co/datasets/bowen-upenn/PersonaMem-v2/resolve/main/data/chat_history_32k/chat_history_250913_163134_persona281.json	chat_history_250913_163134_persona281.json
https://huggingface.co/datasets/bowen-upenn/PersonaMem-v2/resolve/main/data/chat_history_32k/chat_history_250913_163134_persona914.json	chat_history_250913_163134_persona914.json
https://huggingface.co/datasets/bowen-upenn/PersonaMem-v2/resolve/main/data/chat_history_32k/chat_history_250913_163134_persona822.json	chat_history_250913_163134_persona822.json
https://huggingface.co/datasets/bowen-upenn/PersonaMem-v2/resolve/main/data/chat_history_32k/chat_history_250913_163134_persona643.json	chat_history_250913_163134_persona643.json
https://huggingface.co/datasets/bowen-upenn/PersonaMem-v2/resolve/main/data/chat_history_32k/chat_history_250913_163134_persona158.json	chat_history_250913_163134_persona158.json
https://huggingface.co/datasets/bowen-upenn/PersonaMem-v2/resolve/main/data/chat_history_32k/chat_history_250913_163134_persona977.json	chat_history_250913_163134_persona977.json
https://huggingface.co/datasets/bowen-upenn/PersonaMem-v2/resolve/main/data/chat_history_32k/chat_history_250913_163134_persona941.json	chat_history_250913_163134_persona941.json
https://huggingface.co/datasets/bowen-upenn/PersonaMem-v2/resolve/main/data/chat_history_32k/chat_history_250913_163134_persona309.json	chat_history_250913_163134_persona309.json
https://huggingface.co/datasets/bowen-upenn/PersonaMem-v2/resolve/main/data/chat_history_32k/chat_history_250913_163134_persona60.json	chat_history_250913_163134_persona60.json
https://huggingface.co/datasets/bowen-upenn/PersonaMem-v2/resolve/main/data/chat_history_32k/chat_history_250913_163134_persona884.json	chat_history_250913_163134_persona884.json
https://huggingface.co/datasets/bowen-upenn/PersonaMem-v2/resolve/main/data/chat_history_32k/chat_history_250913_163134_persona595.json	chat_history_250913_163134_persona595.json
https://huggingface.co/datasets/bowen-upenn/PersonaMem-v2/resolve/main/data/chat_history_32k/chat_history_250913_163134_persona649.json	chat_history_250913_163134_persona649.json
https://huggingface.co/datasets/bowen-upenn/PersonaMem-v2/resolve/main/data/chat_history_32k/chat_history_250913_163134_persona865.json	chat_history_250913_163134_persona865.json
https://huggingface.co/datasets/bowen-upenn/PersonaMem-v2/resolve/main/data/chat_history_32k/chat_history_250913_163134_persona668.json	chat_history_250913_163134_persona668.json
https://huggingface.co/datasets/bowen-upenn/PersonaMem-v2/resolve/main/data/chat_history_32k/chat_history_250913_163134_persona310.json	chat_history_250913_163134_persona310.json
https://huggingface.co/datasets/bowen-upenn/PersonaMem-v2/resolve/main/data/chat_history_32k/chat_history_250913_163134_persona479.json	chat_history_250913_163134_persona479.json
https://huggingface.co/datasets/bowen-upenn/PersonaMem-v2/resolve/main/data/chat_history_32k/chat_history_250913_163134_persona110.json	chat_history_250913_163134_persona110.json
https://huggingface.co/datasets/bowen-upenn/PersonaMem-v2/resolve/main/data/chat_history_32k/chat_history_250913_163134_persona486.json	chat_history_250913_163134_persona486.json
https://huggingface.co/datasets/bowen-upenn/PersonaMem-v2/resolve/main/data/chat_history_32k/chat_history_250913_163134_persona254.json	chat_history_250913_163134_persona254.json
https://huggingface.co/datasets/bowen-upenn/PersonaMem-v2/resolve/main/data/chat_history_32k/chat_history_250913_163134_persona259.json	chat_history_250913_163134_persona259.json
https://huggingface.co/datasets/bowen-upenn/PersonaMem-v2/resolve/main/data/chat_history_32k/chat_history_250913_163134_persona802.json	chat_history_250913_163134_persona802.json
https://huggingface.co/datasets/bowen-upenn/PersonaMem-v2/resolve/main/data/chat_history_32k/chat_history_250913_163134_persona526.json	chat_history_250913_163134_persona526.json
https://huggingface.co/datasets/bowen-upenn/PersonaMem-v2/resolve/main/data/chat_history_32k/chat_history_250913_163134_persona845.json	chat_history_250913_163134_persona845.json
https://huggingface.co/datasets/bowen-upenn/PersonaMem-v2/resolve/main/data/chat_history_32k/chat_history_250913_163134_persona355.json	chat_history_250913_163134_persona355.json
https://huggingface.co/datasets/bowen-upenn/PersonaMem-v2/resolve/main/data/chat_history_32k/chat_history_250913_163134_persona942.json	chat_history_250913_163134_persona942.json
https://huggingface.co/datasets/bowen-upenn/PersonaMem-v2/resolve/main/data/chat_history_32k/chat_history_250913_163134_persona749.json	chat_history_250913_163134_persona749.json
https://huggingface.co/datasets/bowen-upenn/PersonaMem-v2/resolve/main/data/chat_history_32k/chat_history_250913_163134_persona948.json	chat_history_250913_163134_persona948.json
https://huggingface.co/datasets/bowen-upenn/PersonaMem-v2/resolve/main/data/chat_history_32k/chat_history_250913_163134_persona829.json	chat_history_250913_163134_persona829.json
https://huggingface.co/datasets/bowen-upenn/PersonaMem-v2/resolve/main/data/chat_history_32k/chat_history_250913_163134_persona656.json	chat_history_250913_163134_persona656.json
https://huggingface.co/datasets/bowen-upenn/PersonaMem-v2/resolve/main/data/chat_history_32k/chat_history_250913_163134_persona199.json	chat_history_250913_163134_persona199.json
https://huggingface.co/datasets/bowen-upenn/PersonaMem-v2/resolve/main/data/chat_history_32k/chat_history_250913_163134_persona332.json	chat_history_250913_163134_persona332.json
